{"cameraMode":{"drawMode":0,"name":"Shaded","section":"Shading Mode"},"sceneLighting":true,"audioPlay":false,"sceneViewState":{"m_AlwaysRefresh":false,"showFog":true,"showSkybox":true,"showFlares":true,"showImageEffects":true,"showParticleSystems":true,"showVisualEffectGraphs":true,"m_FxEnabled":true},"in2DMode":false,"pivot":{"x":-0.7660939693450928,"y":5.220023155212402,"z":15.266379356384278},"rotation":{"x":0.04767140373587608,"y":-0.010888253338634968,"z":-0.0005154305836185813,"w":-0.9988225102424622},"size":15.21806526184082,"orthographic":false}